Document ID,Rule 3: Credit check,Rule 3 Proof Phrase
POW.001.000001,Identified, You can opt out online or by call an origin if you'd like to know more about how origin collects and uses your personal and credit related information and what this means for your credit rating.
POW.001.000002,Identified,Available at power shop dot.com delay you powers of may conduct a credit check on you where a credit check fails to meet power shop's criteria power shop may cancel this contract and not proceed with your switch or connection you'll pay any applicable fees for your connection. 
POW.001.000003,Identified,Whether a credit check fails to meet power shop's criteria power shop may cancel this contract and not proceed with your switch or connection you'll pay any applicable fees for your connection.
POW.001.000004,Identified, its privacy policy of a little power shop not Condit you power it may conduct a credit check on you where a credit check fails to meet power shop's criteria power shop may cancel this contract and not proceed with your switch or connection you'll pay any applicable fees for your connection. 
POW.001.000005,Identified,in accordance with its privacy policy of a at power shop dot.com power shop may conduct a credit check on you where a credit check fails to meet pawnshops criteria. Power shop may cancel this contract and not proceed with your switch for connection you'll pay any applicable fees for your connection.
POW.001.000006,Identified, Available at power shop condo you powers may conduct a credit check on you where a credit check fails to meet power shop's criteria. Power shop may cancel this contract and not proceed with your switch or connection you'll pay any applicable fees for your connection
POW.001.000007,Identified,Available at power shop dot com you power it may conduct a credit check on you where a credit check fails to meet power shop's criteria. Power shop may cancel this contract and not proceed with your switch or connection you'll pay any applicable fees for your connection.
POW.001.000008,Identified,Shop may contact a credit check on your credit check first me pawnshops criteria pal shop cancel this contract and not proceed with this collection. You will pay any political fees for your collection.
POW.001.000009,Identified,You and me share it with us pal shop may conduct a credit check on you where credit check fails for me pal shop's criteria. Shop may cancel this contract and not proceed with your switchel connection. 
POW.001.000010,Identified,You and me share it with us pal shop may conduct a credit check on you where credit check fails for me pal shop's criteria. Shop may cancel this contract and not proceed with your switchel connection.
POW.001.000011,Identified,power shop dot com dot you shop may contact the credit check on you where credit check fails. Meet pal shops criteria pet shop make sense of this contract and not proceed with your switch or connection.
POW.001.000012,Identified,power shop dot com dot you shop may contact the credit check on you where credit check fails. Meet pal shops criteria pet shop make sense of this contract and not proceed with your switch or connection.
POW.001.000013,Identified,Available at a power shop you can shop make sure that the credit check on you where credit check fails to meet pal shops close area power shop may cancel this contract and not proceed with your switch connection. 
POW.001.000015,Identified, power shop that you have a shop making back the credit check on you were a credit check to make pallets of criteria power makes sense of disagreement and not say it was your suite or connection and you will pay any applicable fees for your connection.
POW.001.000019,Identified,Available our pal shoptalk commentary you penshoppe may conduct a credit check on you where credit check fails to meet Palus shop's criteria.
POW.001.000021,Identified,Perisher make an extra credit check on you where a credit check first met perishable criteria which I make into this contract and I proceed with your connection applicable.
POW.001.000022,Identified,Perisher make an extra credit check on you where a credit check first met perishable criteria which I make into this contract and I proceed with your connection applicable.
POW.001.000023,Identified, Perisher make an extra credit check on you where a credit check first met perishable criteria which I make into this contract and I proceed with your connection applicable. 
POW.001.000024,Identified,power shop comes to you how a shot my conduct a credit check on a credit check was to make sure criteria. 
POW.001.000025,Identified,So how would you handle your personal information in accordance with a barbecue policy as our global power shop comes to you how a shot my conduct a credit check on a credit check was to make sure criteria
POW.001.000028,Identified,Available at power shop at a power shop may conduct a credit check on you. Where a credit is required to make peller shots criteria 
POW.001.000029,Identified,Available at power shop at a power shop may conduct a credit check on you. Where a credit is required to make 
POW.001.000031,Identified,You may conduct a credit check on you where a credit check fails to meet pal shop criteria a power shop cancel this agreement.
POW.001.000033,Identified, Power collector use and then tell your personal information accordance with its privacy policy available at Palace of the country Perisher may conduct a credit check on you were a critic first to make pallets of the criteria
POW.001.000035,Identified, Penshoppe may conduct a credit check on you where a credit check fails to me pal shop's criteria penshoppe may cancel this contract and not proceed with your switch or connection
POW.001.000036,Identified,contact a power shop may conduct a credit check on you where a credit check fails to make pal shops criteria power shop might cancel this agreement and not proceed with your switch or connection
POW.001.000039,Identified,personal information in accordance with its privacy policy available at shoptalk a power shop may contact a credit check on you. Creditex tells me powershares criteria penshoppe may cancel this contract or not proceed with your switch or connection
POW.001.000040,Identified,personal information in accordance with its privacy policy available at powle shop compter a pill shop make contact a credit check on new credit check fails to meet pawnshops criteria penshoppe make sense for this contract
POW.001.000041,Identified,Parasite may conduct a credit check on you where a critic fails to meet part of the criteria.
POW.001.000042,Identified,Polish up make contact a credit check on you. Where a credit check fails to meet the criteria palaszczuk my council this contract and I proceed with your connection you paying applicable fees
POW.001.000043,Identified,Polish up make contact a credit check on you. Where a credit check fails to meet the criteria palaszczuk my council this contract and I proceed with your connection you paying applicable fees
POW.001.000044,Identified, Us is my conduct a credit check on you were a credit check so my subsequent Teresa I my chance of this contract and I proceed with your virtual connection
POW.001.000047,Identified, Sorry pal shop may also conduct a credit check on your credit check felt to be partial to. How should they cancel this contract. It seems a switch or collection you will pay an applicable seat for your collection. 
POW.001.000054,Identified,My conduct a credit check on where a credit check was to meet it was quite curious how short my cancelled this agreement and not proceed with the connection.
POW.001.000062,Identified,power shop might conduct a credit check on where a credit check estimate power shops criteria.
POW.001.000063,Identified,PASOK may conduct a credit check on your credit check fails me.
POW.001.000064,Identified,They may conduct a credit check on your credit check to meet Palin's criteria
POW.001.000065,Identified,Penshoppe may conduct a credit check on you for a credit check for me a partial criteria.
POW.001.000068,Identified, I shall make conducts a credit check on you.
POW.001.000070,Identified,They may conduct a credit check on you if it fails to meet their criteria.
POW.001.000071,Identified,They may conduct a credit check on you if it fails to meet their criteria. 
POW.001.000073,Identified,Parish conducts a credit check on you were a check for us to meet about criteria.
POW.001.000086,Identified,Our shop may conduct a credit check on you where credit check fails to meet pal shop's criteria.
POW.001.000090,Identified,Palaszczuk may conduct a credit check on you where credit check fails to meet pal shop's criteria pet shop may cancel this contract
POW.001.000092,Identified,pal shop may conduct a credit check on your credit check fails to meet pawnshops criteria.
POW.001.000095,Identified,tell shop making a credit check on you were a credit check first to meet ups criteria.
POW.001.000097,Identified,how to may conduct a credit check you. If you first meet their criteria.
POW.001.000098,Identified,pal shop may conduct a credit check on you credit check fails to meet our shop's criteria.
POW.001.000105,Identified,Polish up make a credit check on you. A credit check first to parish of criteria. 
POW.001.000106,Identified,They can take the credit check on you where a credit check fails to make Palin shop's criteria. I shopped my cancer this agreement and not proceed with the switch or connection
POW.001.000107,Identified,Available at power shop or compter a shop may also conduct a credit check on you. Check fell from power shocks criteria. Shop may cancel this contract and not proceed with such a connection. You will pay any applicable fees for your collection
POW.001.000108,Identified,So yes kind of like a credit check like just to make sure that this account is a valid account for them.
POW.001.000109,Identified,Power shop may contact a credit check on you were a credit check felt to meet shoppes criteria. Shop may cancel this contract and not proceed with your switch or connection.
POW.001.000110,Identified,If a credit check fail sorry pop shop dot com today you may share it with us.
POW.001.000113,Identified,power shop my conduct a credit check on you were a credit check felt to me paragraph's criteria palaszczuk my card for this contract and I proceed with your spiritual connection you find applicable fees for your connection
POW.001.000115,Identified,power shop may conduct a credit check on you were a critic for 20 pages of criteria perish
POW.001.000116,Identified,Available at power shop dot com you may conduct a credit check on you or a credit check. Also we publish criteria parish I may cancel this contract and proceed with your spiritual connection.
POW.001.000119,Identified,pal shop may conduct a credit check on your credit check fails me pal shops criteria penshoppe make sense of this contract and not proceed with your switchel connection.
POW.001.000120,Identified,o shop may call that credit check on a credit check fails to meet powle shop's criteria. Well shop may cancel this contract are not perceived as such a connection you will pay the applicable fees for your collection.
POW.001.000121,Identified,So shop may call that credit check on a credit check fails to meet powle shop's criteria. Well shop may cancel this contract are not perceived as such a connection you will pay the applicable fees for your collection.
POW.001.000122,Identified,So shop may call that credit check on a credit check fails to meet powle shop's criteria. Well shop may cancel this contract are not perceived as such a connection you will pay the applicable fees for your collection.
POW.001.000126,Identified,Power shop might conduct a credit check on you where a credit check fails to make palafox criteria how a shop may cancel this agreement or not proceed with or connection. You will pay any applicable fees for your connection.
POW.001.000128,Identified,o make it a credit check on you it fails to meet their criteria. Then make a contract I may not see the switchel connection and you pay
POW.001.000129,Identified,The shop may conduct a credit check on credit check sales for me parshall's criteria. Shop may cancel the contract or not proceed with a search of collection
POW.001.000130,Identified,Power shop may conduct the credit check on you were a credit check fails to meet those criteria published my cancel this contract and proceed with your switch conviction.
POW.001.000132,Identified,Post up my conduct check on you were a credit check for the purpose of criteria. On my cancel this contract and proceed with your spiritual connection.
POW.001.000140,Identified,power shop may contact a credit check on you for a credit check fails to meet parshall's criteria. Talk shop may cancel this contract or not proceed with a switch or connection
POW.001.000144,Identified,I shall make conduct a credit check on you where a critic fails to meet the criteria. Set my cancel this contract and proceed with yours which you can explain when applicable fees
POW.001.000149,Identified,Shop may conduct a credit check on you where credit check fails to meet power shop's criteria penshoppe may cancel this contract and not proceed with your switch or connection
POW.001.000151,Identified,You may also conduct a credit check on you for a credit check fails to meet pawnshops criteria
POW.001.000153,Identified,you pass up make may conduct a credit check on you where a credit check fails me meet pal shops criteria power shop may cancel this contract
POW.001.000156,Identified,Power shop may conduct a credit check on you where a credit check fails to meet power shop's criteria penshoppe may cancel this contract and not proceed with your search or connection.
POW.001.000159,Identified,They may conduct a credit check on you for failing to meet their criteria.
POW.001.000161,Identified,my conduct for credit check on you 
POW.001.000163,Identified,You may conduct a credit to connew or a credit check failed to meet paraiso of criteria.
POW.001.000164,Identified,They may conduct a check on you if you fail to meet their criteria. 
POW.001.000165,Identified,They may conduct a check on you if you fail to meet their criteria.
POW.001.000166,Identified,may conduct a credit check on you where a credit check fails to meet our shop's criteria.
POW.001.000167,Identified,pal shop may conduct a credit check on you where a credit check fails to meet our shop's criteria.
POW.001.000168,Identified,Shop may conduct a credit check on new credit check 
POW.001.000170,Identified,They may conduct a credit check and you first meet their criteria.
POW.001.000172,Identified,I wish my conduct a credit check on you were a credit check for me criteria.
POW.001.000175,Identified,power shop may conduct a credit check on you where credit check fails to meet power shop's criteria power shop may cancel this contract
POW.001.000176,Identified,Perisher my conducts a credit check on you where a credit check felt to me a part of the criteria. So my cancel this contract
POW.001.000177,Identified,conduct a credit check on you where a credit check fails to meet or shop criteria
POW.001.000182,Identified,Shop make a credit check on you.
POW.001.000183,Identified,my conducts a credit check on you were a credit check
POW.001.000188,Identified,Shop my conduct a credit check on you where a credit check fails to meet how shops criteria
POW.001.000193,Identified,Penshoppe may conduct a credit check on you where credit check fails to meet power shop's criteria palace shop may cancel this contract 
POW.001.000195,Identified,They may conduct a credit check on you if you fail to meet their criteria. They may cancel the contract
POW.001.000196,Identified,Parasite may conduct a credit check on you where a critic fails to meet part of the criteria. Pass on my cancel this contract
POW.001.000198,Identified,Penshoppe may conduct a credit check on you where credit check fails to meet pal shop's criteria. Power shop may cancel this contract
POW.001.000200,Identified,Parish conducts a credit check on you. We're a credit check fails to meet paratroops criteria
POW.001.000451,Identified, You I wish to conduct a credit check a new credit fail to meet barash up scrope year Irish Catholic and so this contract and proceed with your switch connection
POW.001.000464,Identified,How should you shop my conduct a credit check on your credit check fails to meet cultural criteria. From my cancers contact them not proceed with the switch.
POW.001.000467,Identified,Now how shall I also conduct a credit check on you where a credit check fails to meet township's criteria. How should they cancel this contract and not proceed with your spiritual connection.
POW.001.000468,Identified, How shall may conduct a credit check on you. Worker check fails to meet the criteria. Power shop may cancel the contract and not proceed with a switch or connection
POW.001.000469,Identified,shop may conduct your credit check neumayr a credit check to make parachute's criteria ploughshare may not proceed with this connection.
POW.001.000471,Identified,barber shop may conduct a credit check on you work check fields to meet publish upgraded to a barber shop may cancel this contract and not proceed with your search or connection.
POW.001.000472,Identified, If you had a good day you can dump a credit check on you. A kind of check should be pass shops criteria partially cancels contract and not proceed with your connection
POW.001.000476,Identified,How shop may also conduct a credit check on you where a credit check fails
POW.001.000478,Identified,How should they conduct a credit check on your credit check
POW.001.000483,Identified,How do you pass up conducts a credit check on your credit check failed to get past criteria that may cancel the contract and not proceed with your connection.
POW.001.000485,Identified,So do I please make sure there is one dollar available in your account to perform the credit check to check the eligibility of the customer.
POW.001.000486,Identified,please make sure there is one dollar available in your account to perform the credit check to check the eligibility of the customer.
POW.001.000489,Identified,power shop may conduct a credit check on you where a credit check failed to meet paradox criteria. Power shop may counsel this contract then not proceed with your social connection
POW.001.000491,Identified,Power shop may conduct a credit check or neumayr kirchick parachutes quote your air power shop may not proceed with your connection connection free will or power shop.
POW.001.000493,Identified, a power shop may conduct their credit check on you. When a credit trip fails to make subsequent terrapower shop my counsel is contract then not proceed with your switch or connection.
POW.001.000494,Identified,a power shop may conduct their credit check on you. When a credit trip fails to make subsequent terrapower shop my counsel is contract then not proceed with your switch or connection.
POW.001.000496,Identified,power shop may conduct a credit check on you where a credit check fails to meet pawnshops criteria. Power shop may cancel this contract and not proceed with your switch or connection 
POW.001.000497,Identified,powers may conduct a credit check on you where a credit check fails to meet power shop's criteria power shop may cancel this contract and not proceed with your switch or connection
POW.001.000498,Identified,"You power of may conduct a credit check on you where a credit check fails to meet pawnshops criteria power shop may cancel this contract and not proceed with your switch or connection
A credit check will be performed before switching to energy Australia."
POW.001.000499,Identified,power shop may conduct a credit check on you where a credit check fails to meet power shop's criteria. Power shop may cancel this contract and not proceed with your switch or connection
POW.001.000500,Identified,it may conduct a credit check on you where a credit check fails to meet pawnshops criteria. Power shop may cancel this contract and not proceed with your switch or connection you'll pay any applicable fees for your connection.
POW.001.000501,Identified,You consent to these policies including that hgl may exchange your information with credit providers and others for credit reporting credit checks and debt collection
